sampleDate,MCurtis-1,Bluffers-10,Rouge-11,Sunnyside-2,Hanlans-3,Gibraltar-4,Centre-5,Wards-6,Cherry-7,Woodbine-8,KewBalmy-9
2009-06-01,27,12,39,28,11,18,24,63,51,10,10
2009-06-02,10,14,52,16,10,18,22,18,19,10,10
2009-06-03,22,11,14,10,10,11,14,10,10,10,10
2009-06-04,26,10,11,10,10,11,11,10,10,10,10
2009-06-05,35,10,31,11,10,10,10,12,10,10,10
2009-06-06,133,13,29,18,12,10,12,16,10,12,10
2009-06-07,604,16,20,97,37,28,41,47,10,12,11
2009-06-08,405,17,99,142,31,33,43,39,10,10,12
2009-06-09,nan,37,368,63,11,20,16,11,12,18,34
2009-06-10,170,25,155,26,11,18,21,11,12,18,31
2009-06-11,62,10,27,12,10,11,17,11,10,10,10
2009-06-12,26,14,61,14,10,10,11,12,11,13,14
2009-06-13,114,14,46,20,10,10,12,15,14,13,14
2009-06-14,219,10,11,19,11,10,13,16,15,10,11
2009-06-15,199,10,13,14,11,10,13,11,13,10,11
2009-06-16,47,10,28,16,10,10,15,10,11,10,12
2009-06-17,62,60,138,37,11,10,14,10,11,50,81
2009-06-18,nan,nan,nan,nan,nan,nan,nan,nan,nan,nan,nan
2009-06-19,343,315,86,65,11,10,13,33,46,88,108
2009-06-20,758,425,101,63,nan,nan,nan,nan,206,61,93
2009-06-21,nan,nan,nan,nan,nan,nan,nan,nan,nan,nan,nan
2009-06-22,nan,nan,nan,nan,nan,nan,nan,nan,nan,nan,nan
2009-06-23,nan,nan,nan,nan,nan,nan,nan,nan,nan,nan,nan
2009-06-24,nan,nan,nan,nan,nan,nan,nan,nan,nan,nan,nan
2009-06-25,nan,nan,nan,nan,nan,nan,nan,nan,nan,nan,nan
2009-06-26,nan,nan,nan,nan,nan,nan,nan,nan,nan,nan,nan
2009-06-27,nan,nan,nan,nan,nan,nan,nan,nan,nan,nan,nan
2009-06-28,nan,28,nan,34,nan,nan,nan,nan,351,31,40
2009-06-29,nan,nan,nan,nan,nan,nan,nan,nan,nan,nan,nan
2009-06-30,nan,nan,nan,nan,nan,nan,nan,nan,nan,nan,nan
2009-07-01,nan,nan,nan,nan,nan,nan,nan,nan,nan,nan,nan
2009-07-02,nan,nan,nan,nan,nan,nan,nan,nan,nan,nan,nan
2009-07-03,nan,nan,nan,38,nan,nan,nan,nan,nan,nan,nan
2009-07-04,nan,nan,nan,nan,nan,nan,nan,nan,nan,nan,nan
2009-07-05,nan,nan,nan,nan,nan,nan,nan,nan,nan,nan,nan
2009-07-06,nan,nan,nan,nan,nan,nan,nan,nan,nan,nan,nan
2009-07-07,nan,nan,nan,nan,nan,nan,nan,nan,nan,nan,nan
2009-07-08,nan,nan,nan,nan,nan,nan,nan,nan,nan,nan,nan
2009-07-09,nan,15,nan,nan,nan,nan,nan,nan,15,11,16
2009-07-10,nan,nan,nan,nan,nan,nan,nan,nan,nan,nan,nan
2009-07-11,nan,nan,nan,nan,nan,nan,nan,nan,nan,nan,nan
2009-07-12,nan,nan,nan,nan,nan,nan,nan,nan,nan,nan,nan
2009-07-13,nan,nan,nan,nan,nan,nan,nan,nan,nan,nan,nan
2009-07-14,nan,nan,nan,nan,nan,nan,nan,nan,nan,nan,nan
2009-07-15,nan,18,nan,15,nan,nan,nan,nan,nan,25,32
2009-07-16,nan,20,nan,22,nan,nan,nan,nan,26,44,33
2009-07-17,nan,nan,nan,nan,nan,nan,nan,nan,nan,nan,nan
2009-07-18,nan,nan,nan,nan,nan,nan,nan,nan,nan,nan,nan
2009-07-19,nan,nan,nan,nan,nan,nan,nan,nan,nan,nan,nan
2009-07-20,nan,19,nan,27,nan,nan,nan,nan,23,nan,22
2009-07-21,nan,24,nan,49,nan,nan,nan,nan,15,33,59
2009-07-22,nan,77,nan,63,nan,nan,nan,nan,18,91,162
2009-07-23,nan,309,nan,124,nan,nan,nan,nan,32,332,279
2009-07-24,nan,633,nan,294,nan,nan,nan,nan,58,511,535
2009-07-25,nan,nan,nan,nan,nan,nan,nan,nan,nan,nan,nan
2009-07-26,nan,nan,nan,nan,nan,nan,nan,nan,nan,nan,nan
2009-07-27,nan,189,nan,309,nan,nan,nan,nan,65,882,623
2009-07-28,nan,34,nan,240,nan,nan,nan,nan,53,588,372
2009-07-29,nan,135,nan,182,nan,nan,nan,nan,nan,169,104
2009-07-30,nan,457,nan,272,nan,nan,nan,nan,39,106,46
2009-07-31,1252,81,196,149,17,20,42,39,22,50,38
2009-08-01,356,16,29,49,39,23,73,13,10,21,21
2009-08-02,284,13,33,80,31,19,46,11,11,20,19
2009-08-03,407,11,37,119,13,17,22,11,11,16,23
2009-08-04,149,18,28,88,13,12,29,13,12,13,39
2009-08-05,305,21,54,182,79,12,53,16,15,46,40
2009-08-06,356,14,96,172,323,22,40,30,16,98,18
2009-08-07,53,14,54,30,95,27,42,36,17,23,18
2009-08-08,53,11,18,17,26,15,77,17,14,10,18
2009-08-09,252,35,nan,49,10,19,118,21,14,31,42
2009-08-10,199,87,nan,239,10,23,132,60,25,54,90
2009-08-11,113,66,1885,201,16,36,78,36,27,19,38
2009-08-12,357,218,709,148,nan,nan,nan,nan,16,11,41
2009-08-13,706,83,252,228,15,25,26,19,12,10,59
2009-08-14,198,10,207,83,14,11,60,17,12,10,28
2009-08-15,119,10,49,42,11,14,94,12,12,17,54
2009-08-16,136,10,12,32,11,13,22,11,11,20,38
2009-08-17,124,22,27,115,10,10,22,12,12,26,39
2009-08-18,125,31,153,258,11,13,74,13,113,122,295
2009-08-19,49,17,162,83,12,14,38,12,116,92,97
2009-08-20,152,29,146,49,11,15,23,12,12,26,34
2009-08-21,811,33,192,222,16,16,61,11,16,67,98
2009-08-22,801,13,284,815,41,13,70,31,26,68,70
2009-08-23,686,11,156,276,28,11,27,53,55,17,30
2009-08-24,246,11,72,60,10,10,14,19,55,15,31
2009-08-25,153,10,101,30,13,10,35,12,19,25,47
2009-08-26,290,13,53,61,21,14,62,11,11,22,44
2009-08-27,609,14,nan,50,nan,nan,nan,nan,11,33,124
2009-08-28,190,52,122,28,13,14,26,10,13,121,700
2009-08-29,216,267,696,75,17,21,22,11,13,282,1209
2009-08-30,nan,131,276,149,42,52,57,14,41,166,415
2009-08-31,143,24,27,93,27,28,30,24,49,30,47
2009-09-01,24,11,36,86,10,11,10,18,13,12,15
2009-09-02,33,11,29,65,10,10,13,10,10,14,12
2009-09-03,40,10,11,44,nan,nan,nan,nan,10,13,11
2009-09-04,60,11,22,75,11,11,18,nan,10,10,13
2009-09-05,105,12,64,127,31,40,38,33,10,11,19
2009-09-06,241,14,317,123,29,37,29,33,13,13,32
2010-06-06,526,152,556,149,39,24,nan,nan,88,148,213
2010-06-07,305,89,244,229,48,18,nan,nan,92,104,147
2010-06-08,95,11,20,68,12,14,16,40,30,17,17
2010-06-09,nan,45,70,53,11,21,15,34,14,12,25
2010-06-10,nan,127,286,115,11,31,26,25,13,18,38
2010-06-11,62,28,41,65,11,16,17,13,11,14,16
2010-06-12,86,54,66,91,nan,nan,nan,nan,56,21,44
2010-06-13,369,76,497,163,nan,nan,nan,nan,104,37,76
2010-06-14,156,14,75,61,15,19,35,21,19,18,22
2010-06-15,32,10,39,35,11,11,14,11,11,11,15
2010-06-16,95,135,368,88,13,33,23,15,15,39,56
2010-06-17,210,443,125,102,16,38,41,18,25,41,53
2010-06-18,100,33,41,30,12,14,32,28,45,11,13
2010-06-19,235,32,146,44,11,18,35,44,31,31,22
2010-06-20,187,34,54,55,11,16,38,19,19,31,20
2010-06-21,325,11,16,29,11,10,20,11,17,10,11
2010-06-22,109,103,159,37,12,17,31,13,19,28,43
2010-06-23,147,129,117,117,13,22,55,14,16,28,73
2010-06-24,152,14,17,233,20,26,114,26,17,10,26
2010-06-25,13,11,22,107,32,29,193,218,19,10,14
2010-06-26,29,12,40,104,69,52,182,366,33,15,17
2010-06-27,64,12,41,53,39,37,63,42,30,15,17
2010-06-28,165,45,105,131,24,11,50,18,19,57,61
2010-06-29,86,69,198,467,131,14,102,85,29,57,77
2010-06-30,21,39,62,111,111,24,103,184,61,15,35
2010-07-01,204,25,25,40,20,41,101,78,50,15,28
2010-07-02,1267,10,10,69,29,66,74,31,27,10,11
2010-07-03,729,14,55,100,29,33,73,29,22,11,16
2010-07-04,210,64,nan,63,65,18,77,25,15,29,61
2010-07-05,40,46,76,100,nan,nan,nan,nan,14,30,49
2010-07-06,28,10,65,61,10,10,15,13,11,12,11
2010-07-07,209,10,290,55,10,12,33,11,11,12,13
2010-07-08,479,14,1259,186,19,16,66,13,22,15,23
2010-07-09,631,83,565,371,28,16,72,27,62,15,62
2010-07-10,824,107,34,336,15,15,72,127,125,17,69
2010-07-11,1497,25,31,142,20,33,122,337,202,29,49
2010-07-12,1377,13,257,122,27,26,133,68,111,26,62
2010-07-13,410,nan,439,178,15,11,155,12,181,47,73
2010-07-14,79,373,255,75,18,18,173,11,81,107,97
2010-07-15,33,288,199,39,15,17,55,11,10,69,41
2010-07-16,100,129,78,128,38,33,81,20,25,37,21
2010-07-17,39,69,46,125,91,104,207,30,107,30,28
2010-07-18,47,51,133,64,32,51,126,32,205,37,31
2010-07-19,105,131,136,88,13,17,45,20,49,28,33
2010-07-20,32,81,39,61,10,13,65,39,15,14,18
2010-07-21,168,10,30,87,20,26,128,47,24,10,11
2010-07-22,142,10,19,67,20,20,28,12,16,10,14
2010-07-23,166,99,151,200,36,46,122,17,29,106,147
2010-07-24,1095,152,592,513,108,92,540,47,153,303,570
2010-07-25,1298,32,220,309,108,27,310,100,150,48,117
2010-07-26,334,21,60,144,71,16,92,53,59,17,41
2010-07-27,108,11,27,60,20,12,25,26,27,11,20
2010-07-28,482,55,359,129,22,18,41,21,19,39,34
2010-07-29,168,229,221,194,24,30,68,33,19,37,29
2010-07-30,97,45,43,244,21,45,72,120,34,10,12
2010-07-31,132,13,31,129,20,24,26,45,25,11,17
2010-08-01,304,59,66,37,24,43,21,11,11,21,67
2010-08-02,348,46,59,53,24,91,45,10,11,20,87
2010-08-03,80,12,13,56,10,21,27,10,11,12,27
2010-08-04,29,12,15,69,13,23,36,16,11,13,29
2010-08-05,30,10,13,90,14,27,47,16,11,13,33
2010-08-06,60,21,12,56,11,13,18,10,10,15,22
2010-08-07,63,23,11,49,11,11,18,10,10,14,23
2010-08-08,193,22,19,52,20,22,53,12,14,23,53
2010-08-09,72,21,40,93,20,22,36,12,17,36,43
2010-08-10,44,13,216,225,11,10,11,10,12,22,16
2010-08-11,57,12,493,125,10,10,34,13,18,14,14
2010-08-12,117,10,49,38,18,15,47,15,26,17,82
2010-08-13,718,18,34,43,18,16,23,13,14,65,333
2010-08-14,1000,42,186,44,10,12,21,21,10,68,109
2010-08-15,824,31,139,94,10,14,49,18,13,37,72
2010-08-16,96,38,88,122,14,14,54,10,13,35,163
2010-08-17,82,40,174,343,nan,28,87,113,44,42,104
2010-08-18,123,22,74,218,nan,30,59,143,44,24,21
2010-08-19,35,16,19,29,10,11,13,13,10,13,22
2010-08-20,125,64,103,76,14,45,43,15,14,38,73
2010-08-21,90,230,476,106,17,45,39,16,14,146,216
2010-08-22,119,244,1342,117,114,90,105,104,85,154,449
2010-08-23,110,411,1643,154,309,nan,nan,nan,192,258,746
2010-08-24,101,326,558,70,45,nan,nan,nan,107,433,675
2010-08-25,98,187,88,54,13,10,14,26,88,135,155
2010-08-26,27,40,14,108,10,16,15,12,19,39,50
2010-08-27,49,14,34,126,10,16,11,18,12,20,28
2010-08-28,92,16,52,70,16,22,12,16,16,16,25
2010-08-29,136,12,27,63,16,22,16,13,13,14,20
2010-08-30,30,10,14,55,10,10,16,12,11,11,14
2010-08-31,10,10,11,41,10,10,12,10,11,10,14
2010-09-01,13,10,11,27,10,10,10,10,11,10,14
2010-09-02,21,11,16,53,11,10,24,10,11,12,18
2010-09-03,63,29,216,140,11,10,32,10,10,18,83
2010-09-04,nan,30,329,nan,nan,nan,nan,nan,49,37,230
2010-09-05,nan,12,24,nan,nan,nan,nan,nan,82,30,79
2011-06-05,22,26,74,48,18,18,26,24,13,24,10
2011-06-06,29,17,96,35,18,22,27,51,16,12,10
2011-06-07,129,10,22,104,15,nan,nan,nan,64,22,33
2011-06-08,135,10,11,152,15,nan,nan,nan,52,23,40
2011-06-09,50,54,56,66,14,12,30,21,14,11,12
2011-06-10,42,70,84,42,13,19,43,41,28,11,10
2011-06-11,31,16,79,18,12,26,37,45,25,10,10
2011-06-12,36,12,55,27,14,15,18,18,13,11,11
2011-06-13,21,11,11,29,11,10,19,15,14,11,11
2011-06-14,21,11,48,16,10,15,25,19,19,10,11
2011-06-15,26,10,48,16,11,15,31,22,15,10,11
2011-06-16,25,15,11,22,11,11,27,22,11,11,10
2011-06-17,28,20,40,69,10,15,19,22,18,11,13
2011-06-18,22,13,35,80,10,13,15,21,16,10,13
2011-06-19,17,30,61,19,10,nan,13,17,10,13,22
2011-06-20,35,36,66,14,11,nan,14,13,11,13,29
2011-06-21,49,15,18,22,11,16,14,11,14,11,18
2011-06-22,34,16,74,57,10,25,23,17,13,12,35
2011-06-23,22,33,361,284,11,27,60,18,13,26,262
2011-06-24,50,69,199,542,30,34,143,44,106,36,156
2011-06-25,113,26,28,447,142,136,184,213,226,16,18
2011-06-26,39,10,12,159,nan,nan,nan,nan,nan,12,12
2011-06-27,30,11,13,32,nan,nan,nan,nan,nan,10,11
2011-06-28,25,27,58,33,12,40,29,15,19,19,21
2011-06-29,17,77,65,63,23,39,21,15,29,19,28
2011-06-30,21,31,19,26,27,29,18,24,18,10,15
2011-07-01,30,10,14,11,12,16,14,16,15,10,12
2011-07-02,19,10,35,18,10,15,18,10,15,10,12
2011-07-03,22,12,37,43,13,14,22,11,26,10,19
2011-07-04,24,12,13,32,17,11,19,11,23,10,16
2011-07-05,14,10,11,15,13,11,15,10,10,10,10
2011-07-06,11,10,22,38,49,13,23,16,12,10,11
2011-07-07,21,10,27,44,49,14,24,16,13,10,11
2011-07-08,21,10,49,23,10,15,16,10,11,11,11
2011-07-09,15,10,150,31,10,25,18,19,10,11,10
2011-07-10,16,10,87,34,14,18,23,24,12,10,12
2011-07-11,15,11,44,40,14,10,16,12,12,11,19
2011-07-12,18,11,19,61,14,10,17,12,29,11,24
2011-07-13,14,11,29,32,14,11,37,12,54,11,17
2011-07-14,12,10,29,11,10,11,22,10,19,10,11
2011-07-15,16,10,20,23,11,11,16,10,10,10,10
2011-07-16,84,15,58,34,11,13,43,11,10,21,25
2011-07-17,103,nan,58,25,nan,nan,55,nan,nan,37,56
2011-07-18,31,10,82,81,10,10,51,10,16,22,47
2011-07-19,46,31,279,93,26,27,149,11,26,25,65
2011-07-20,96,16,166,39,11,19,58,17,11,17,43
2011-07-21,62,11,32,94,18,11,21,18,17,13,27
2011-07-22,23,11,17,58,21,15,38,12,26,12,25
2011-07-23,20,16,93,24,16,14,60,16,15,13,53
2011-07-24,111,18,1081,97,14,nan,172,nan,nan,30,250
2011-07-25,243,154,3833,169,29,nan,90,nan,nan,69,445
2011-07-26,51,182,2918,99,56,31,33,19,11,36,290
2011-07-27,19,16,142,30,27,31,26,31,10,13,55
2011-07-28,20,18,66,25,26,28,32,40,11,15,26
2011-07-29,38,23,89,97,24,37,70,22,18,19,33
2011-07-30,41,16,52,53,23,25,55,14,15,15,52
2011-07-31,29,11,134,17,19,12,21,13,11,11,30
2011-08-01,44,17,76,19,17,10,29,11,11,11,16
2011-08-02,54,24,21,60,16,10,39,10,11,11,25
2011-08-03,70,30,107,149,15,37,15,10,13,16,84
2011-08-04,243,28,955,72,17,66,14,21,90,42,291
2011-08-05,202,17,339,32,16,24,18,64,67,38,127
2011-08-06,92,15,246,24,16,16,27,37,11,18,48
2011-08-07,nan,15,150,79,nan,nan,nan,nan,nan,21,76
2011-08-08,nan,11,29,233,nan,nan,nan,nan,nan,21,126
2011-08-09,202,70,268,220,15,25,37,12,12,66,313
2011-08-10,245,86,754,98,nan,nan,34,16,15,83,405
2011-08-11,220,12,56,125,nan,nan,30,31,13,19,98
2011-08-12,41,10,17,119,67,57,45,43,11,13,25
2011-08-13,21,11,21,81,27,25,39,50,10,20,16
2011-08-14,58,11,58,49,24,11,19,31,11,26,24
2011-08-15,45,11,58,55,12,11,53,11,11,23,43
2011-08-16,107,11,17,97,13,11,70,10,11,21,61
2011-08-17,87,10,19,45,12,11,34,10,12,13,32
2011-08-18,23,12,69,49,31,11,30,12,16,11,19
2011-08-19,26,18,64,81,31,12,16,12,14,11,32
2011-08-20,19,16,17,82,11,11,13,10,10,11,23
2011-08-21,25,11,18,81,16,11,18,10,10,11,17
2011-08-22,237,57,129,347,83,19,24,10,15,10,166
2011-08-23,239,119,589,223,53,19,14,19,40,15,232
2011-08-24,nan,40,493,162,nan,nan,nan,nan,84,32,157
2011-08-25,nan,20,278,645,nan,nan,nan,nan,46,32,172
2011-08-26,193,11,209,336,22,20,48,84,17,14,27
2011-08-27,119,20,190,96,24,20,61,126,19,11,17
2011-08-28,67,43,349,71,14,nan,51,31,16,16,32
2011-08-29,25,23,139,48,11,10,23,18,18,28,72
2011-08-30,37,10,23,36,13,10,11,18,18,20,48
2011-08-31,37,14,15,58,13,15,19,11,10,13,29
2011-09-01,56,14,25,39,13,15,19,10,10,27,27
2011-09-02,194,47,68,46,14,10,14,10,10,28,25
2011-09-03,67,47,35,82,11,11,13,10,10,13,22
2011-09-04,99,10,129,208,26,37,29,17,18,24,65
2012-06-05,53,16,14,38,12,114,66,170,131,13,12
2012-06-06,22,25,14,20,11,49,28,69,39,14,12
2012-06-07,93,16,33,26,12,19,16,25,17,12,11
2012-06-08,79,11,30,34,12,11,12,19,15,10,10
2012-06-09,56,11,11,30,11,13,14,20,15,10,11
2012-06-10,95,14,60,23,11,12,12,13,11,10,11
2012-06-11,37,15,98,19,10,16,15,12,12,11,11
2012-06-12,187,11,21,53,40,nan,74,111,32,17,36
2012-06-13,93,10,11,66,43,nan,110,221,30,15,38
2012-06-14,17,10,41,20,17,15,34,30,12,10,13
2012-06-15,37,18,173,28,20,28,20,15,13,11,14
2012-06-16,50,18,138,31,12,25,25,19,15,14,15
2012-06-17,nan,10,167,28,11,18,85,86,36,16,34
2012-06-18,nan,28,76,83,14,21,86,119,82,13,52
2012-06-19,1063,40,19,182,15,18,101,60,62,18,58
2012-06-20,331,17,36,114,11,16,91,46,34,22,36
2012-06-21,50,12,48,72,10,10,21,17,16,13,13
2012-06-22,426,10,181,92,13,13,20,11,16,10,12
2012-06-23,915,10,732,80,41,33,43,28,50,10,11
2012-06-24,212,10,163,36,31,56,71,33,55,11,11
2012-06-25,102,10,27,31,10,25,31,14,20,12,11
2012-06-26,29,10,11,35,19,11,26,17,17,11,12
2012-06-27,26,11,11,34,19,20,34,15,14,11,18
2012-06-28,23,11,12,46,10,20,29,12,10,11,21
2012-06-29,14,11,11,57,11,11,56,13,11,11,21
2012-06-30,16,11,11,33,12,12,70,11,14,11,18
2012-07-01,26,11,12,24,12,13,27,10,13,12,11
2012-07-02,24,12,15,33,11,11,21,10,13,12,11
2012-07-03,11,11,13,34,10,10,58,10,14,10,13
2012-07-04,33,12,20,72,26,16,33,10,33,10,25
2012-07-05,31,12,20,81,26,21,42,10,37,nan,20
2012-07-06,27,10,10,37,10,17,107,10,12,nan,16
2012-07-07,47,59,nan,57,14,14,52,16,14,23,58
2012-07-08,21,59,nan,66,15,11,38,16,14,24,47
2012-07-09,25,13,31,28,11,14,49,10,11,15,17
2012-07-10,103,13,17,37,11,17,53,10,12,19,15
2012-07-11,92,91,37,32,26,17,40,11,11,21,14
2012-07-12,21,91,23,17,25,14,30,11,10,31,30
2012-07-13,21,10,10,15,11,10,29,11,11,30,30
2012-07-14,28,17,10,31,34,11,38,25,14,13,40
2012-07-15,46,21,10,46,36,11,66,24,13,15,47
2012-07-16,686,26,44,141,57,11,40,13,11,20,348
2012-07-17,717,30,60,257,150,24,52,58,40,27,742
2012-07-18,54,26,21,75,94,80,129,132,52,19,43
2012-07-19,140,nan,nan,61,50,nan,117,64,20,96,203
2012-07-20,nan,nan,nan,38,38,nan,85,21,13,434,1116
2012-07-21,nan,nan,nan,18,26,12,34,10,10,82,73
2012-07-22,27,11,61,30,19,16,31,12,10,22,19
2012-07-23,212,11,442,96,26,25,45,18,20,19,34
2012-07-24,89,11,490,110,16,23,34,26,20,16,43
2012-07-25,20,10,82,32,18,18,19,35,11,10,25
2012-07-26,146,35,nan,14,nan,19,25,46,81,29,68
2012-07-27,571,93,nan,83,nan,22,60,55,158,34,71
2012-07-28,367,55,42,175,23,19,61,90,34,17,26
2012-07-29,242,20,54,32,13,14,35,37,16,20,23
2012-07-30,159,15,42,16,21,12,33,13,10,16,13
2012-07-31,121,15,20,58,19,nan,47,19,11,15,15
2012-08-01,260,11,135,310,57,nan,54,15,12,13,24
2012-08-02,302,11,486,271,75,14,33,13,20,10,19
2012-08-03,126,13,109,162,18,17,25,17,18,12,13
2012-08-04,126,49,90,55,20,24,60,14,11,13,21
2012-08-05,nan,39,nan,140,nan,nan,nan,nan,33,19,95
2012-08-06,nan,10,nan,231,nan,nan,nan,nan,29,18,49
2012-08-07,84,10,nan,84,17,21,26,17,10,11,13
2012-08-08,63,12,nan,72,13,10,13,10,11,15,13
2012-08-09,31,13,nan,57,10,11,15,10,11,13,12
2012-08-10,51,nan,nan,113,28,nan,31,11,14,189,228
2012-08-11,78,nan,nan,135,157,nan,35,27,39,693,583
2012-08-12,348,66,223,133,185,124,25,47,82,150,114
2012-08-13,150,45,51,153,61,41,30,34,41,44,50
2012-08-14,34,26,84,82,23,16,33,20,15,11,13
2012-08-15,131,25,30,74,19,15,18,11,11,12,13
2012-08-16,126,15,18,63,15,14,30,10,11,19,21
2012-08-17,151,11,19,51,21,13,50,13,12,20,30
2012-08-18,115,11,18,51,21,13,18,13,11,15,18
2012-08-19,35,10,14,41,10,11,11,10,10,15,12
2012-08-20,86,13,nan,48,10,10,11,10,11,13,13
2012-08-21,47,13,nan,36,10,10,11,10,11,10,11
2012-08-22,11,10,11,33,11,16,17,10,12,10,11
2012-08-23,17,11,15,54,11,25,25,10,12,12,11
2012-08-24,28,11,15,30,11,17,41,11,11,12,11
2012-08-25,23,12,nan,22,11,19,30,11,11,11,13
2012-08-26,22,17,nan,43,10,53,25,19,11,15,19
2012-08-27,47,18,64,60,24,58,53,20,11,29,28
2012-08-28,466,32,480,239,70,46,41,31,39,37,106
2012-08-29,239,38,223,233,45,25,23,31,77,23,88
2012-08-30,38,19,209,50,21,11,13,11,30,19,18
2012-08-31,117,13,138,47,nan,nan,nan,nan,18,15,14
2012-09-01,43,10,18,25,nan,nan,nan,nan,14,11,12
2012-09-02,10,12,12,11,10,13,34,13,11,11,10
2013-06-03,79,12,11,56,14,28,76,185,45,16,13
2013-06-04,25,13,11,42,11,20,32,81,25,10,10
2013-06-05,33,13,11,20,10,14,18,25,14,10,11
2013-06-06,27,109,nan,nan,16,14,23,29,15,72,70
2013-06-07,49,430,nan,nan,44,19,25,77,20,450,361
2013-06-08,182,47,159,38,27,17,24,81,19,62,61
2013-06-09,90,12,20,22,10,10,17,36,20,10,11
2013-06-10,48,11,nan,51,11,24,25,54,25,16,27
2013-06-11,92,36,nan,145,29,32,48,76,25,104,222
2013-06-12,256,33,115,57,80,60,69,258,21,66,87
2013-06-13,236,nan,93,50,38,163,152,426,30,11,12
2013-06-14,115,nan,100,91,26,53,98,119,38,13,14
2013-06-15,92,22,23,48,20,14,25,65,17,11,12
2013-06-16,108,121,nan,63,11,14,31,87,53,12,13
2013-06-17,67,130,nan,56,17,29,58,69,50,12,13
2013-06-18,31,70,83,38,30,77,119,46,16,10,14
2013-06-19,59,285,52,24,23,47,76,44,31,10,14
2013-06-20,41,56,33,14,16,19,15,28,21,10,11
2013-06-21,24,13,18,17,17,17,18,16,12,10,11
2013-06-22,228,11,13,28,15,11,18,12,12,10,10
2013-06-23,789,14,28,64,24,16,17,16,15,10,21
2013-06-24,284,15,28,104,45,33,47,41,57,10,26
2013-06-25,141,29,13,229,53,59,139,62,90,14,13
2013-06-26,45,31,15,145,34,43,133,30,62,14,19
2013-06-27,16,47,40,57,24,18,43,17,43,11,21
2013-06-28,47,41,55,53,21,21,45,34,24,11,14
2013-06-29,239,15,208,301,13,59,69,34,82,15,55
2013-06-30,253,60,616,424,13,49,24,13,56,19,53
2013-07-01,38,82,114,78,15,30,34,11,13,19,22
2013-07-02,21,66,nan,53,19,nan,75,28,16,72,143
2013-07-03,nan,45,nan,nan,22,nan,30,39,14,53,112
2013-07-04,nan,36,42,nan,43,18,38,22,20,11,19
2013-07-05,295,41,42,49,46,13,63,25,35,11,26
2013-07-06,736,36,287,93,20,21,80,84,30,47,75
2013-07-07,1611,31,230,329,41,54,95,111,26,79,68
2013-07-08,870,38,92,504,136,51,62,67,37,51,42
2013-07-09,nan,43,nan,1734,235,155,204,336,165,28,22
2013-07-10,nan,53,nan,1784,176,642,633,983,311,15,46
2013-07-11,737,43,14,504,297,381,385,501,177,15,59
2013-07-12,480,53,77,236,377,229,560,161,81,22,34
2013-07-13,97,44,233,72,52,92,290,46,25,30,41
2013-07-14,26,19,32,34,19,37,100,15,19,27,23
2013-07-15,19,18,11,33,17,27,133,10,16,21,24
2013-07-16,19,10,21,21,12,15,35,11,11,14,17
2013-07-17,35,11,nan,26,26,13,31,nan,10,32,13
2013-07-18,30,11,nan,47,30,22,75,10,12,27,12
2013-07-19,40,17,14,129,40,30,174,42,45,13,51
2013-07-20,160,27,20,901,74,46,266,219,68,15,93
2013-07-21,63,nan,104,692,214,44,340,420,87,213,313
2013-07-22,46,nan,259,222,299,52,195,262,273,271,397
2013-07-23,91,24,73,59,36,40,36,33,104,20,46
2013-07-24,53,11,29,20,12,18,28,15,21,14,27
2013-07-25,67,11,38,16,19,25,29,18,29,12,37
2013-07-26,202,10,60,18,35,24,19,12,30,14,29
2013-07-27,341,12,75,28,48,30,21,10,13,24,38
2013-07-28,1060,13,39,50,67,95,89,12,21,31,164
2013-07-29,817,11,25,152,66,58,113,24,40,22,66
2013-07-30,46,13,54,155,48,39,73,53,25,18,26
2013-07-31,11,16,66,55,27,41,68,35,13,14,22
2013-08-01,62,21,252,109,25,69,194,17,15,62,36
2013-08-02,132,18,252,219,22,50,192,17,18,62,32
2013-08-03,67,15,63,176,70,12,71,19,25,10,16
2013-08-04,37,20,26,105,81,12,91,15,19,11,18
2013-08-05,11,14,11,21,14,11,42,13,12,11,12
2013-08-06,18,16,43,40,14,11,42,14,12,15,24
2013-08-07,138,30,213,221,22,37,72,11,14,40,53
2013-08-08,146,23,236,159,25,51,55,12,18,35,32
2013-08-09,45,15,47,54,15,24,67,11,13,13,23
2013-08-10,25,nan,nan,36,12,19,39,10,10,10,16
2013-08-11,45,nan,nan,45,12,15,36,11,14,10,11
2013-08-12,117,10,20,93,12,15,56,11,14,14,21
2013-08-13,64,10,18,87,16,12,29,11,11,20,35
2013-08-14,25,10,21,59,15,10,67,12,14,16,22
2013-08-15,18,10,20,28,10,11,74,15,14,11,13
2013-08-16,17,10,19,20,11,13,30,13,11,11,11
2013-08-17,10,12,45,25,14,13,27,10,11,11,11
2013-08-18,15,28,27,34,15,11,27,11,14,13,31
2013-08-19,37,31,24,73,17,17,69,14,14,24,36
2013-08-20,26,15,50,185,14,15,91,13,10,26,21
2013-08-21,43,11,34,116,13,10,48,10,10,25,28
2013-08-22,86,11,27,170,16,12,37,10,11,24,28
2013-08-23,65,11,22,333,12,12,42,10,13,14,27
2013-08-24,63,11,15,48,11,14,57,10,12,16,14
2013-08-25,21,18,11,30,11,14,38,10,11,30,28
2013-08-26,nan,nan,nan,180,12,15,55,13,14,20,53
2013-08-27,nan,nan,nan,566,15,15,48,18,20,13,29
2013-08-28,296,48,nan,608,24,17,39,16,28,40,34
2013-08-29,339,66,nan,518,21,17,41,12,24,51,46
2013-08-30,300,20,13,199,13,14,87,12,13,15,59
2013-08-31,84,15,29,141,26,22,104,11,10,11,118
2013-09-01,nan,257,nan,98,30,25,51,10,11,92,83
2014-06-01,31,11,69,12,10,11,11,12,11,10,11
2014-06-02,39,11,32,17,11,14,13,12,10,10,11
2014-06-03,69,10,11,43,49,13,17,12,10,10,11
2014-06-04,68,10,10,43,59,12,18,11,10,10,11
2014-06-05,27,10,10,14,13,19,15,25,11,10,10
2014-06-06,17,10,10,10,10,16,11,24,11,10,10
2014-06-07,12,10,10,10,10,10,10,10,10,10,10
2014-06-08,11,10,15,21,10,12,12,16,11,10,10
2014-06-09,83,11,23,27,10,12,12,18,11,10,10
2014-06-10,178,11,16,15,10,10,11,11,12,10,10
2014-06-11,129,43,nan,30,16,46,54,10,13,11,25
2014-06-12,243,180,nan,140,32,121,100,25,15,20,141
2014-06-13,201,182,nan,175,26,28,53,79,18,47,82
2014-06-14,128,46,nan,44,13,14,64,44,23,27,16
2014-06-15,34,11,32,15,10,13,32,25,18,10,11
2014-06-16,45,12,135,24,10,17,19,21,11,11,13
2014-06-17,65,12,43,26,10,17,16,22,11,11,13
2014-06-18,84,18,10,43,103,11,23,112,27,11,11
2014-06-19,273,20,74,352,119,50,108,407,33,11,13
2014-06-20,234,13,244,300,17,66,65,191,18,10,12
2014-06-21,57,12,54,42,19,16,16,32,13,10,12
2014-06-22,31,10,24,16,13,11,16,11,10,10,13
2014-06-23,76,10,15,15,11,11,13,10,10,10,10
2014-06-24,172,14,13,24,11,13,10,16,11,10,12
2014-06-25,119,28,37,62,22,32,27,29,23,11,19
2014-06-26,59,63,39,295,28,34,55,54,168,11,54
2014-06-27,197,31,80,427,27,16,37,60,187,40,71
2014-06-28,254,18,61,115,22,28,48,45,59,40,25
2014-06-29,60,23,31,44,11,32,81,33,36,11,14
2014-06-30,47,16,67,87,16,32,123,28,35,11,20
2014-07-01,56,19,24,165,19,33,102,33,40,20,35
2014-07-02,117,31,11,104,15,40,62,46,27,22,33
2014-07-03,76,28,28,39,12,46,40,56,20,11,20
2014-07-04,16,16,28,15,11,20,36,46,27,11,13
2014-07-05,16,16,10,14,10,12,29,22,23,11,10
2014-07-06,21,15,10,35,14,10,13,13,10,11,10
2014-07-07,76,12,nan,121,14,10,23,15,20,10,19
2014-07-08,nan,12,nan,219,15,10,26,40,24,11,22
2014-07-09,nan,11,80,421,55,29,51,190,45,38,22
2014-07-10,175,11,12,109,175,153,188,220,83,36,20
2014-07-11,28,16,16,48,87,81,62,72,32,11,12
2014-07-12,43,30,23,57,19,16,24,19,17,19,14
2014-07-13,240,42,15,124,15,nan,71,18,24,31,63
2014-07-14,311,138,74,137,33,nan,51,23,33,18,57
2014-07-15,176,553,219,37,39,35,23,15,nan,11,17
2014-07-16,52,94,39,49,81,35,58,15,nan,11,19
2014-07-17,96,11,12,33,47,13,57,13,16,11,21
2014-07-18,106,15,28,27,10,10,29,11,11,11,18
2014-07-19,50,19,52,56,11,19,32,11,11,10,23
2014-07-20,nan,26,nan,116,31,152,71,14,10,15,60
2014-07-21,nan,21,nan,56,29,80,97,14,11,15,33
2014-07-22,nan,11,16,42,11,10,93,11,11,12,15
2014-07-23,nan,14,22,152,11,27,119,15,21,24,40
2014-07-24,108,15,23,177,15,33,84,15,28,20,47
2014-07-25,43,14,nan,102,21,15,58,10,14,11,16
2014-07-26,29,27,nan,119,42,17,69,10,13,13,22
2014-07-27,29,24,25,104,42,16,65,14,14,13,30
2014-07-28,122,14,45,165,92,nan,128,16,20,34,171
2014-07-29,589,18,134,242,163,nan,156,37,122,32,262
2014-07-30,276,27,74,212,49,43,82,72,267,11,27
2014-07-31,57,27,41,185,23,86,28,27,38,17,23
2014-08-01,55,22,97,159,54,45,17,17,10,24,55
2014-08-02,186,21,204,128,52,17,33,15,10,15,52
2014-08-03,89,34,189,64,13,12,44,10,10,11,21
2014-08-04,71,81,68,65,11,10,79,10,12,15,50
2014-08-05,126,40,89,169,39,17,77,16,16,20,209
2014-08-06,29,38,239,308,106,19,58,39,27,31,196
2014-08-07,44,43,140,196,76,24,111,45,26,23,69
2014-08-08,35,81,nan,148,47,28,59,26,15,11,19
2014-08-09,16,65,nan,58,44,13,20,14,13,10,16
2014-08-10,18,11,13,37,37,18,51,11,12,10,43
2014-08-11,50,20,47,49,20,31,67,11,12,34,81
2014-08-12,nan,88,nan,482,14,nan,81,44,16,286,272
2014-08-13,nan,128,nan,1332,38,nan,72,92,17,513,461
2014-08-14,284,29,121,163,nan,36,39,44,15,65,66
2014-08-15,74,11,19,56,nan,31,48,23,22,11,24
2014-08-16,54,10,43,41,27,19,27,11,21,14,27
2014-08-17,42,12,58,68,18,14,15,10,13,14,21
2014-08-18,36,14,16,80,11,15,19,10,15,10,19
2014-08-19,47,12,18,51,11,18,36,10,13,12,34
2014-08-20,160,30,51,75,12,46,36,10,10,38,73
2014-08-21,nan,32,115,61,11,33,32,10,13,38,43
2014-08-22,nan,12,46,86,10,11,37,10,25,12,36
2014-08-23,37,33,42,155,19,30,52,24,22,11,56
2014-08-24,48,158,nan,79,37,34,45,24,11,29,90
2014-08-25,35,287,nan,26,24,12,20,12,14,28,45
2014-08-26,31,65,nan,31,13,11,18,12,14,10,17
2014-08-27,128,14,11,177,11,14,32,11,10,10,19
2014-08-28,185,16,11,137,10,17,23,11,12,13,21
2014-08-29,49,22,12,68,11,14,14,10,13,16,21
2014-08-30,33,43,19,42,18,29,17,10,11,34,22
2014-08-31,139,31,20,36,16,33,29,10,11,33,28
2015-06-02,78,369,140,32,73,33,93,181,19,50,47
2015-06-03,37,67,nan,34,27,61,212,438,16,11,17
2015-06-04,14,15,nan,19,19,74,48,102,10,10,13
2015-06-05,22,10,44,16,12,17,16,35,11,10,10
2015-06-06,45,29,40,22,72,16,15,31,13,10,25
2015-06-07,27,71,152,31,72,25,34,72,47,10,25
2015-06-08,46,28,nan,107,11,30,59,76,299,11,32
2015-06-09,125,20,nan,293,31,21,28,63,685,11,32
2015-06-10,201,17,169,149,38,11,22,106,257,11,10
2015-06-11,431,12,80,210,138,25,61,157,74,11,17
2015-06-12,421,18,18,293,254,66,122,122,67,11,23
2015-06-13,606,19,57,102,55,47,102,214,181,10,13
2015-06-14,123,23,77,69,63,32,50,112,285,10,10
2015-06-15,nan,19,39,49,37,21,28,16,69,10,16
2015-06-16,nan,32,34,74,18,11,33,24,53,50,73
2015-06-17,104,51,11,134,14,10,30,54,56,50,46
2015-06-18,182,35,24,56,37,28,18,38,28,17,16
2015-06-19,260,32,51,40,37,30,13,20,36,17,16
2015-06-20,112,30,42,30,11,16,16,20,28,11,13
2015-06-21,134,50,48,24,11,20,25,14,15,17,18
2015-06-22,37,24,24,33,11,15,16,13,14,16,13
2015-06-23,nan,58,52,328,19,17,35,25,75,17,52
2015-06-24,nan,62,114,530,156,74,258,141,80,17,52
2015-06-25,178,26,116,95,100,223,291,260,21,11,10
2015-06-26,72,31,327,77,17,105,78,60,75,11,12
2015-06-27,35,13,nan,32,15,25,34,29,44,10,14
2015-06-28,nan,111,nan,101,16,nan,nan,34,23,65,83
2015-06-29,nan,595,nan,200,56,nan,nan,40,59,357,431
2015-06-30,207,79,nan,105,127,62,27,88,90,96,194
2015-07-01,264,41,20,135,49,46,23,116,68,53,72
2015-07-02,43,28,26,53,14,45,17,93,59,32,37
2015-07-03,32,10,13,27,10,26,15,41,29,11,17
2015-07-04,52,10,16,24,10,12,13,15,14,10,11
2015-07-05,23,12,51,20,10,11,13,11,21,11,11
2015-07-06,25,19,32,59,10,11,22,10,19,11,11
2015-07-07,48,17,14,57,19,13,21,10,13,14,11
2015-07-08,287,11,14,49,19,17,15,11,14,13,17
2015-07-09,377,11,51,77,15,15,25,72,22,11,17
2015-07-10,171,11,67,25,24,17,34,182,25,11,10
2015-07-11,151,11,14,18,21,16,25,36,23,10,11
2015-07-12,50,16,12,54,15,11,13,15,14,10,11
2015-07-13,16,15,11,35,13,11,11,12,11,11,10
2015-07-14,nan,13,33,12,12,15,19,11,11,11,20
2015-07-15,nan,34,nan,43,19,81,54,11,11,20,88
2015-07-16,106,28,nan,105,21,64,31,12,13,23,46
2015-07-17,18,17,14,42,16,16,13,12,14,19,20
2015-07-18,18,16,11,40,15,14,24,15,13,16,74
2015-07-19,32,10,11,66,28,14,38,26,23,10,120
2015-07-20,41,10,67,27,27,19,22,20,22,10,33
2015-07-21,13,11,102,20,10,15,16,13,11,11,21
2015-07-22,11,21,20,26,10,14,21,14,11,11,35
2015-07-23,12,23,13,18,12,18,21,13,11,10,21
2015-07-24,18,12,11,16,12,13,17,11,10,10,12
2015-07-25,34,17,23,59,25,10,21,11,11,20,21
2015-07-26,22,17,42,146,42,14,23,11,11,22,38
2015-07-27,10,10,31,35,17,14,15,11,11,11,20
2015-07-28,60,10,15,17,11,10,21,10,11,19,13
2015-07-29,64,10,12,30,11,10,23,10,12,21,17
2015-07-30,43,10,12,51,10,12,21,13,12,14,22
2015-07-31,40,10,10,59,11,13,22,17,11,19,15
2015-08-01,12,10,15,45,12,15,26,14,15,14,15
2015-08-02,23,20,111,33,11,16,35,11,15,12,20
2015-08-03,62,61,216,43,16,21,82,21,38,12,29
2015-08-04,91,32,55,43,16,64,149,107,38,10,35
2015-08-05,79,19,22,28,13,44,129,91,13,12,47
2015-08-06,29,17,12,16,13,14,101,22,13,12,34
2015-08-07,12,10,12,12,11,11,28,14,11,10,11
2015-08-08,34,37,14,36,13,13,21,12,12,13,26
2015-08-09,73,140,11,118,16,18,32,10,11,16,67
2015-08-10,40,90,15,46,13,13,22,10,11,13,36
2015-08-11,72,37,46,30,11,11,14,10,13,20,44
2015-08-12,83,18,36,35,11,16,21,71,85,20,37
2015-08-13,38,16,14,33,10,18,26,209,322,11,27
2015-08-14,51,19,13,107,63,30,44,47,53,20,26
2015-08-15,89,18,22,207,102,26,35,17,13,20,14
2015-08-16,186,14,27,142,16,23,11,11,13,11,18
2015-08-17,156,10,16,158,10,23,19,11,11,16,15
2015-08-18,56,10,46,91,22,11,36,10,10,16,13
2015-08-19,17,10,nan,46,24,12,23,10,10,10,19
2015-08-20,94,77,nan,278,20,21,42,25,15,123,172
2015-08-21,748,77,nan,464,32,40,56,30,16,158,174
2015-08-22,136,10,15,125,29,30,23,14,12,16,21
2015-08-23,31,17,37,59,21,17,23,13,11,15,21
2015-08-24,nan,22,53,46,18,29,20,11,10,26,47
2015-08-25,nan,15,26,69,19,34,13,10,10,22,32
2015-08-26,37,12,12,48,16,17,17,10,11,13,11
2015-08-27,37,11,10,31,12,14,28,10,11,13,11
2015-08-28,17,13,12,42,13,13,22,10,10,10,16
2015-08-29,34,29,30,43,22,11,21,11,11,11,33
2015-08-30,22,24,36,61,16,16,26,11,11,11,20
2015-08-31,17,12,15,69,10,16,25,10,11,14,14
2015-09-01,nan,12,10,33,10,11,20,10,11,14,14
2015-09-02,nan,10,10,57,10,11,47,10,12,12,19
2015-09-03,23,10,10,155,10,12,43,10,11,12,20
2015-09-04,91,25,59,161,10,23,74,12,10,16,33
2015-09-05,255,55,nan,127,10,19,82,12,10,nan,102
2015-09-06,123,22,nan,134,10,11,13,10,10,nan,40
2016-06-05,93,23,nan,138,13,23,19,12,11,22,56
2016-06-06,nan,23,nan,906,55,97,19,39,40,22,82
2016-06-07,nan,12,12,272,90,129,39,168,51,10,19
2016-06-08,12,12,12,23,19,24,27,112,27,10,11
2016-06-09,10,16,10,13,10,18,10,31,23,12,12
2016-06-10,10,16,10,11,10,18,11,14,11,12,12
2016-06-11,49,27,38,13,10,16,22,11,11,12,33
2016-06-12,112,29,38,34,10,16,20,11,23,12,33
2016-06-13,23,11,10,29,13,21,29,41,59,10,10
2016-06-14,11,11,10,12,14,22,53,59,31,10,11
2016-06-15,11,11,21,13,13,11,22,22,20,10,12
2016-06-16,14,14,38,13,14,25,25,18,19,20,23
2016-06-17,14,23,18,16,12,23,21,11,11,20,25
2016-06-18,10,19,13,22,10,11,10,11,12,10,12
2016-06-19,11,19,13,37,10,11,14,11,12,13,13
2016-06-20,18,16,11,87,22,13,16,11,12,13,17
2016-06-21,16,10,11,93,22,13,19,14,15,10,16
2016-06-22,10,10,10,30,10,12,25,12,18,12,15
2016-06-23,10,11,14,13,12,12,17,11,15,12,15
2016-06-24,10,11,19,17,13,10,17,11,10,10,12
2016-06-25,11,11,13,32,11,10,33,11,10,11,18
2016-06-26,12,27,11,26,16,11,29,10,12,12,22
2016-06-27,13,31,16,69,76,16,17,13,13,16,24
2016-06-28,16,13,14,115,56,16,17,13,18,13,22
2016-06-29,14,14,10,36,12,11,20,10,23,10,14
2016-06-30,10,14,10,16,11,11,30,10,14,10,14
2016-07-01,10,18,17,34,15,13,47,20,15,16,38
2016-07-02,13,18,17,56,16,16,31,32,34,17,33
2016-07-03,36,10,21,17,11,14,25,23,23,13,11
2016-07-04,41,12,50,15,11,13,32,16,12,20,15
2016-07-05,52,17,31,42,15,20,18,11,14,18,17
2016-07-06,46,14,16,73,29,22,14,14,14,18,12
2016-07-07,27,20,15,79,58,16,14,16,13,33,16
2016-07-08,32,27,18,52,37,17,28,13,13,27,26
2016-07-09,58,14,80,43,26,33,122,13,21,24,91
2016-07-10,60,11,63,59,42,41,135,36,46,19,60
2016-07-11,16,21,30,31,24,18,29,34,24,11,22
2016-07-12,18,32,53,19,21,16,13,14,12,21,49
2016-07-13,34,21,nan,28,22,16,16,13,13,21,47
2016-07-14,67,12,nan,66,29,26,25,14,24,13,35
2016-07-15,406,11,80,211,31,24,23,33,26,13,21
2016-07-16,277,16,47,90,24,15,23,37,19,11,12
2016-07-17,72,15,13,18,19,18,37,16,18,11,11
2016-07-18,48,11,38,41,13,21,36,11,17,11,25
2016-07-19,17,15,45,36,13,17,34,11,16,20,26
2016-07-20,11,14,14,17,11,11,23,10,11,20,12
2016-07-21,26,11,15,23,22,19,21,10,11,14,35
2016-07-22,33,11,36,42,31,19,27,10,12,14,45
2016-07-23,13,15,23,40,22,11,26,10,11,11,16
2016-07-24,10,19,15,17,15,16,31,10,11,11,20
2016-07-25,16,28,nan,163,12,47,59,10,27,32,53
2016-07-26,25,22,nan,705,11,46,45,61,34,39,37
2016-07-27,18,11,24,107,12,29,29,122,40,12,17
2016-07-28,12,19,282,39,14,19,29,66,126,19,32
2016-07-29,33,35,nan,38,31,10,47,49,53,45,159
2016-07-30,185,29,nan,41,113,16,39,31,18,134,732
2016-07-31,182,64,nan,54,116,21,20,23,17,327,721
2016-08-01,103,155,nan,54,39,14,23,16,11,255,313
2016-08-02,158,34,64,30,23,11,19,14,11,47,62
2016-08-03,169,10,33,16,22,15,25,11,13,16,21
2016-08-04,605,17,20,18,16,15,33,11,13,19,16
2016-08-05,935,22,18,80,22,16,36,12,11,17,51
2016-08-06,57,14,46,132,22,24,27,12,13,12,56
2016-08-07,37,12,49,51,13,15,16,10,12,11,16
2016-08-08,39,14,14,32,10,11,15,10,10,13,29
2016-08-09,14,21,11,23,14,11,23,10,10,13,58
2016-08-10,43,20,11,26,20,11,31,10,10,19,94
2016-08-11,49,11,35,50,19,11,20,12,11,25,71
2016-08-12,nan,11,36,155,16,10,14,22,12,14,63
2016-08-13,nan,21,nan,200,13,10,22,19,11,10,35
2016-08-14,39,21,nan,160,55,14,35,14,13,13,17
2016-08-15,61,11,230,293,136,36,52,22,18,13,30
2016-08-16,97,12,nan,227,43,29,40,18,16,38,101
2016-08-17,474,18,nan,241,25,24,33,20,21,66,78
2016-08-18,320,14,57,114,16,21,40,19,28,24,19
2016-08-19,104,11,nan,30,11,13,20,12,16,14,15
2016-08-20,353,13,nan,62,13,15,11,12,16,19,32
2016-08-21,663,12,nan,138,20,16,11,11,20,22,130
2016-08-22,161,11,nan,72,15,13,12,11,14,12,57
2016-08-23,18,11,26,21,10,11,11,10,10,11,17
2016-08-24,12,16,28,16,11,11,15,11,11,11,15
2016-08-25,109,15,24,58,11,10,17,11,11,12,14
2016-08-26,739,17,50,146,10,10,11,22,16,20,33
2016-08-27,131,21,22,52,20,11,40,66,17,17,25
2016-08-28,70,19,40,24,23,18,60,29,12,17,19
2016-08-29,74,16,40,52,11,17,17,11,13,19,20
2016-08-30,27,11,10,39,10,13,16,11,12,15,11
2016-08-31,32,11,11,22,13,15,37,10,11,14,19
2016-09-01,29,10,20,33,13,12,26,10,11,12,23
2016-09-02,31,11,24,43,13,11,24,10,13,23,31
2016-09-03,22,12,24,36,16,11,32,11,16,31,64
2016-09-04,10,11,19,18,12,11,15,11,12,18,41
2017-06-05,135,11,nan,11,11,27,16,21,12,28,58
2017-06-06,117,15,nan,10,42,25,13,14,17,31,47
2017-06-07,53,16,18,11,43,15,10,25,19,15,23
2017-06-08,30,13,48,11,13,15,12,71,13,13,16
2017-06-09,13,11,35,13,11,11,12,30,14,10,12
2017-06-10,21,10,35,17,12,11,13,11,20,10,12
2017-06-11,nan,10,29,40,15,16,23,13,66,10,21
2017-06-12,nan,10,10,33,32,16,19,13,53,10,21
2017-06-13,16,10,19,21,58,10,11,10,21,11,11
2017-06-14,15,12,47,20,22,12,15,11,37,11,33
2017-06-15,21,22,nan,11,10,12,15,14,47,54,158
2017-06-16,21,18,nan,11,25,10,10,15,32,54,111
2017-06-17,199,12,10,15,31,11,12,13,28,10,129
2017-06-18,1764,13,nan,45,12,15,15,26,26,13,132
2017-06-19,220,11,nan,263,27,77,13,24,52,13,25
2017-06-20,91,10,17,432,140,117,26,26,112,16,11
2017-06-21,215,11,17,233,98,39,52,54,55,25,20
2017-06-22,73,11,51,60,19,18,22,21,19,15,27
2017-06-23,138,22,nan,273,26,11,28,20,83,20,25
2017-06-24,111,49,nan,828,105,15,29,86,197,24,24
2017-06-25,12,22,87,72,205,106,81,307,94,12,15
2017-06-26,11,12,174,85,106,257,227,300,134,10,13
2017-06-27,nan,31,76,174,40,84,74,106,75,11,18
2017-06-28,nan,26,72,50,56,72,59,92,75,15,16
2017-06-29,28,30,nan,37,43,44,54,58,39,22,15
2017-06-30,nan,41,nan,300,34,18,30,24,30,24,31
2017-07-01,nan,14,nan,911,30,14,15,17,31,16,21
2017-07-02,nan,10,nan,186,22,11,11,24,15,11,12
2017-07-03,19,20,15,44,16,11,14,30,16,12,12
2017-07-04,18,20,16,23,10,11,14,14,16,11,11
2017-07-05,12,10,39,21,15,14,13,10,18,13,25
2017-07-06,79,10,124,22,15,21,15,10,24,15,38
2017-07-07,130,17,38,20,13,22,13,13,22,11,57
2017-07-08,22,21,47,31,17,19,14,13,13,11,35
2017-07-09,13,20,318,73,15,12,13,11,38,11,13
2017-07-10,16,39,268,197,29,40,38,32,151,11,19
2017-07-11,194,53,nan,133,29,67,63,69,74,11,26
2017-07-12,199,28,nan,45,12,23,22,23,28,10,20
2017-07-13,nan,31,nan,41,18,26,21,13,25,76,239
2017-07-14,nan,140,nan,250,23,23,22,25,57,390,2478
2017-07-15,1038,141,45,306,54,14,18,24,141,242,526
2017-07-16,190,27,68,92,39,12,16,18,64,66,114
2017-07-17,103,12,nan,71,11,12,11,16,22,29,83
2017-07-18,104,26,nan,24,10,13,11,11,23,52,48
2017-07-19,81,24,185,21,17,11,13,11,47,48,21
2017-07-20,24,11,115,27,17,10,13,11,28,23,23
2017-07-21,60,24,50,96,12,11,12,11,13,24,58
2017-07-22,248,36,78,337,14,11,15,36,23,40,51
2017-07-23,202,nan,93,162,17,39,50,114,53,nan,32
2017-07-24,120,nan,121,85,27,75,48,71,52,39,45
2017-07-25,59,nan,83,39,17,26,16,33,34,65,34
2017-07-26,26,nan,20,24,10,14,19,16,29,18,17
2017-07-27,82,11,nan,20,15,11,21,10,18,13,12
2017-07-28,634,12,nan,26,20,24,37,11,26,16,40
2017-07-29,190,12,10,29,16,22,27,11,20,21,46
2017-07-30,33,10,10,18,12,11,10,10,10,18,13
2017-07-31,14,12,10,29,11,12,11,10,11,11,11
2017-08-01,31,13,10,89,18,11,12,10,11,10,12
2017-08-02,112,14,16,193,21,11,11,11,12,12,16
2017-08-03,220,19,159,177,28,14,22,13,12,17,15
2017-08-04,330,41,nan,111,23,19,45,40,41,42,41
2017-08-05,nan,29,nan,112,nan,14,32,36,82,38,53
2017-08-06,nan,10,16,85,nan,25,46,11,60,15,19
2017-08-07,37,11,57,43,31,42,46,14,30,18,15
2017-08-08,45,11,48,29,13,21,29,17,13,16,14
2017-08-09,33,10,41,85,21,12,21,12,15,11,15
2017-08-10,13,10,nan,215,19,10,14,11,16,15,21
2017-08-11,20,12,nan,233,20,18,39,20,30,43,78
2017-08-12,46,12,30,248,22,18,31,18,27,69,85
2017-08-13,24,10,45,76,11,13,10,22,12,25,24
2017-08-14,15,27,34,83,10,24,17,49,25,12,19
2017-08-15,67,48,28,287,10,26,26,29,57,12,17
2017-08-16,76,23,26,129,15,14,15,13,30,20,23
2017-08-17,40,19,21,52,28,10,13,10,28,35,61
2017-08-18,71,49,37,83,31,12,16,11,21,30,145
2017-08-19,80,40,31,156,79,46,13,13,11,20,88
2017-08-20,45,15,12,117,68,44,13,11,12,11,18
2017-08-21,21,19,25,72,18,12,13,10,11,13,16
2017-08-22,21,21,41,126,18,12,38,26,28,21,86
2017-08-23,17,23,23,144,83,32,62,32,35,18,88
2017-08-24,23,16,51,70,90,29,25,22,13,11,20
2017-08-25,36,14,95,50,16,19,23,26,18,10,15
2017-08-26,34,14,37,76,10,20,28,31,38,11,21
2017-08-27,22,10,36,50,12,16,23,32,26,11,24
2017-08-28,35,19,66,43,15,14,14,15,13,31,45
2017-08-29,97,33,96,47,14,10,11,11,18,85,67
2017-08-30,41,30,37,46,32,10,16,11,18,28,22
2017-08-31,21,19,15,79,117,12,19,10,11,15,12
2017-09-01,109,14,13,65,50,12,22,10,12,16,15
2017-09-02,nan,18,13,42,11,11,18,10,12,11,21
2017-09-03,nan,20,13,63,21,15,12,12,11,25,23
2017-09-04,nan,16,23,nan,31,14,12,12,14,35,19
2018-06-03,33,32,193,14,10,15,14,19,14,10,15
2018-06-04,37,36,61,37,86,23,23,24,42,11,27
2018-06-05,105,17,13,50,86,17,26,20,51,11,22
2018-06-06,36,10,10,19,10,11,26,44,20,10,10
2018-06-07,13,11,10,12,11,11,26,32,21,10,11
2018-06-08,14,11,14,12,11,10,16,10,15,10,11
2018-06-09,18,10,22,18,10,10,13,17,17,10,11
2018-06-10,19,10,62,22,11,12,20,17,15,11,18
2018-06-11,23,14,74,20,11,16,19,16,11,17,30
2018-06-12,29,14,22,17,10,13,11,29,11,16,21
2018-06-13,23,11,24,17,10,10,13,24,11,10,16
2018-06-14,44,11,20,34,20,11,15,23,35,10,25
2018-06-15,74,12,13,24,88,81,70,139,71,10,19
2018-06-16,46,12,13,16,44,81,100,127,38,10,19
2018-06-17,24,10,15,31,11,11,17,16,18,10,21
2018-06-18,26,10,21,79,11,10,10,11,14,10,17
2018-06-19,30,11,123,106,15,14,16,66,20,10,16
2018-06-20,26,11,169,60,28,85,96,209,66,10,12
2018-06-21,24,10,21,25,24,90,76,56,99,10,12
2018-06-22,20,39,38,14,13,16,15,15,25,12,13
2018-06-23,16,74,54,18,10,11,17,12,16,20,22
2018-06-24,21,28,43,20,19,12,15,12,14,18,31
2018-06-25,171,19,239,81,19,11,10,23,16,14,68
2018-06-26,252,17,470,159,10,10,10,45,55,13,41
2018-06-27,164,39,303,59,21,12,12,23,33,20,55
2018-06-28,295,69,328,42,60,17,13,13,25,75,174
2018-06-29,46,24,101,31,32,15,11,11,34,37,54
2018-06-30,10,11,37,61,15,11,12,11,14,10,19
2018-07-01,17,11,30,121,25,11,15,14,23,10,14
2018-07-02,19,11,19,63,19,11,13,13,21,10,15
2018-07-03,12,10,61,39,11,17,11,10,11,10,13
2018-07-04,nan,15,74,26,11,17,21,12,11,10,17
2018-07-05,nan,15,30,35,10,12,29,12,13,11,23
2018-07-06,nan,60,18,165,41,12,20,11,14,12,18
2018-07-07,nan,60,11,84,41,11,15,65,65,11,15
2018-07-08,49,10,38,46,10,12,13,98,88,11,13
2018-07-09,51,11,119,80,12,13,17,22,19,11,21
2018-07-10,48,11,84,78,28,12,17,14,13,11,44
2018-07-11,29,10,23,54,28,57,32,15,41,11,29
2018-07-12,58,10,12,45,19,112,50,34,69,11,26
2018-07-13,94,11,15,49,15,23,22,25,17,11,40
2018-07-14,nan,29,13,nan,nan,11,14,10,11,13,49
2018-07-15,nan,28,13,nan,nan,10,23,10,16,20,119
2018-07-16,10,11,13,50,12,11,29,10,16,17,46
2018-07-17,22,11,49,60,13,14,45,10,11,32,29
2018-07-18,37,11,100,49,29,29,82,37,11,29,27
2018-07-19,126,10,26,21,25,43,46,37,12,16,13
2018-07-20,302,28,72,56,13,52,28,11,11,23,37
2018-07-21,84,73,227,74,11,42,67,11,16,83,179
2018-07-22,75,123,nan,42,34,30,60,12,17,307,312
2018-07-23,164,221,nan,46,63,40,20,32,15,476,297
2018-07-24,62,223,156,53,38,27,28,58,19,324,166
2018-07-25,90,57,124,51,54,15,66,41,34,78,61
2018-07-26,499,51,238,44,37,24,104,40,35,28,36
2018-07-27,739,136,304,43,45,33,97,54,41,60,16
2018-07-28,215,32,81,47,49,16,41,25,29,175,28
2018-07-29,30,10,28,26,15,12,17,11,15,40,28
2018-07-30,39,16,18,36,10,13,16,12,17,25,25
2018-07-31,41,22,58,59,13,12,31,11,11,33,71
2018-08-01,23,17,136,41,16,43,50,10,12,39,207
2018-08-02,51,14,30,56,38,65,68,14,13,32,170
2018-08-03,48,11,42,80,42,20,98,14,11,27,65
2018-08-04,15,10,35,68,13,17,70,11,11,23,30
2018-08-05,11,10,10,60,36,19,49,11,11,10,23
2018-08-06,12,11,15,114,91,20,51,10,13,11,41
2018-08-07,115,14,87,343,57,23,71,17,14,13,32
2018-08-08,895,16,319,722,46,26,189,116,60,11,18
2018-08-09,440,24,83,659,64,37,247,475,234,20,15
2018-08-10,385,53,24,343,52,58,86,213,103,23,84
2018-08-11,313,29,19,80,20,43,24,30,33,12,82
2018-08-12,40,11,16,37,16,18,21,10,27,20,21
2018-08-13,28,10,45,60,16,15,37,11,20,46,27
2018-08-14,57,22,62,76,15,14,40,11,14,51,41
2018-08-15,34,27,35,87,13,13,41,10,14,20,53
2018-08-16,17,12,37,76,10,12,28,11,11,13,29
2018-08-17,100,14,140,128,10,11,84,19,10,76,127
2018-08-18,752,15,651,436,nan,20,67,48,13,420,684
2018-08-19,165,13,109,346,nan,20,12,28,15,116,100
2018-08-20,55,13,27,107,38,16,13,12,15,36,22
2018-08-21,145,23,nan,161,30,23,32,21,32,69,52
2018-08-22,546,63,nan,474,45,25,32,20,177,83,97
2018-08-23,328,54,170,285,219,61,16,20,131,52,60
2018-08-24,72,20,79,97,288,54,20,35,23,51,34
2018-08-25,nan,12,61,123,36,14,22,29,22,38,55
2018-08-26,nan,12,nan,169,11,13,19,21,33,19,55
2018-08-27,1953,11,nan,254,10,26,23,37,30,15,16
2018-08-28,691,10,46,423,10,30,36,60,49,41,39
2018-08-29,169,10,19,308,11,25,51,28,40,158,93
2018-08-30,24,11,15,158,11,19,44,16,16,51,28
2018-08-31,61,12,24,48,10,20,nan,13,15,36,42
2018-09-01,nan,14,49,23,10,22,nan,10,12,59,54
2018-09-02,nan,15,59,40,11,11,34,10,11,23,20
2018-09-03,38,13,42,132,12,10,57,10,12,19,17
